FIPS,LISA_CL,Normalized Median Age,Normalized Male Median Age,Normalized Median Female Age,Normalized Sex Ratio (males per 100 females),Normalized Workers 16 years and over,"Normalized Management, business, science, and arts occupations; Estimate; Civilian employed population 16 years and over",Normalized Service occupations; Estimate; Civilian employed population 16 years and over,Normalized Sales and office occupations; Estimate; Civilian employed population 16 years and over,Normalized Natural resources construction and maintenance occupations; Estimate; Civilian employed population 16 years and over,"Normalized Production, transportation, and material moving occupations; Estimate; Civilian employed population 16 years and over","Normalized Cars, truck, or Van to work","Normalized car, truck, or van drove alone","Normalized car, truck, or van carpool",Normalized public transportation to work,Normalized walked to work,Normalized biked to work,"Normalized taxi, motorcycle, or other",Normalized worked at home,Normalized mean travel time to work (minutes),Normalized Total; Estimate; Population 45 to 64 years,Normalized Total; Estimate; Population 45 to 64 years - High school graduate or higher,Normalized Percent; Estimate; Population 45 to 64 years - High school graduate or higher,Normalized Percent; Estimate; Population 45 to 64 years - Bachelor's degree or higher,Normalized Total; Estimate; MEDIAN EARNINGS IN THE PAST 12 MONTH_-ADJUSTED DOLLARS) - Population 25 years and over with earnings,Normalized Total; Estimate; MEDIAN EARNINGS IN THE PAST 12 MONTH_5 years and over with earnings - Less than high school graduate,Normalized Total; Estimate; MEDIAN EARNINGS IN THE PAST 12 MONTH_ver with earnings - High school graduate (includes equivalency),Normalized Total; Estimate; MEDIAN EARNINGS IN THE PAST 12 MONTH_ars and over with earnings - Some college or associate's degree,Normalized Total; Estimate; MEDIAN EARNINGS IN THE PAST 12 MONTH_ Population 25 years and over with earnings - Bachelor's degree,Normlized Total; Estimate; MEDIAN EARNINGS IN THE PAST 12 MONTHS_ years and over with earnings - Graduate or professional degree,Normalized Household Mean Income,Normalized Social Security Income,Normalized Cash public assistance income,Normalized per capita income per household
2020,1,0.253932584,0.249438202,0.254545455,0.112963593,0.034428218,0.478647687,0.393292683,0.604562738,0.261494253,0.182170543,0.868335147,0.797068771,0.391447368,0.029126214,0.049773756,0.083916084,0.072386059,0.095238095,0.351485149,0.029940671,0.037217644,0.891143911,0.036532605,0.530398288,0.388557945,0.390406118,0.542643384,0.6249633,0.669772119,0.419478266,0.71877551,0.22149667,0.433381089
2050,1,0.119101124,0.139325843,0.093181818,0.132017693,0.001252798,0.393238434,0.423780488,0.657794677,0.270114943,0.222868217,0.341675734,0.224351747,0.473684211,0.006472492,0.479638009,0.034965035,0.643431635,0.110275689,0.061881188,0.001470715,0.001686467,0.754612546,0.000520314,0.197601314,0.135492814,0.063790073,0.389654591,0.7402318,0.767409171,0.156401548,0.624198251,0.16422881,0.224404221
2090,1,0.206741573,0.197752809,0.211363636,0.153453556,0.011225745,0.432384342,0.365853659,0.566539924,0.379310345,0.189922481,0.889009793,0.789177001,0.476973684,0.017799353,0.057315234,0.083916084,0.045576408,0.077694236,0.349009901,0.009265309,0.01160862,0.904059041,0.010302492,0.49795133,0.427699213,0.373570613,0.559308262,0.5334776,0.605255328,0.156164262,0.629912536,0.239715293,0.187312181
2122,1,0.426966292,0.424719101,0.425,0.130656686,0.005387338,0.318505338,0.43597561,0.520912548,0.459770115,0.240310078,0.770402612,0.714768884,0.335526316,0.01618123,0.082956259,0.034965035,0.193029491,0.192982456,0.366336634,0.006974089,0.008617448,0.880073801,0.005280983,0.427002638,0.372997145,0.398216778,0.483695402,0.5106028,0.533443461,0.304572217,0.81271137,0.149471072,0.356296736
2164,1,0.233707865,0.312359551,0.156818182,0.113303845,0.000119791,0.346975089,0.463414634,0.239543726,0.502873563,0.304263566,0.24265506,0.18151071,0.296052632,0.011326861,0.499245852,0.06993007,0.833780161,0.110275689,0.051980198,0.000154812,0.00018721,0.826568266,5.46E-05,0.154322114,0.045279781,0.027147025,0.414306959,0.4157787,0.512276454,0.226764449,0.609212828,0.146859083,0.258927947
2290,1,0.307865169,0.328089888,0.265909091,0.158897584,0.000432337,0.386120996,0.442073171,0.44486692,0.431034483,0.218992248,0.304678999,0.26042841,0.256578947,0.004854369,0.570135747,0.020979021,0.504021448,0.182957393,0.108910891,0.000580744,0.00066756,0.758302583,0.00021987,0.135560606,0.143991023,0.039143908,0.329541448,0.5201106,0.538994285,0.310719423,0.712886297,0.140067912,0.368456915
4003,1,0.42247191,0.397752809,0.447727273,0.111942838,0.010082719,0.364768683,0.634146341,0.593155894,0.290229885,0.139534884,0.87921654,0.829763247,0.332236842,0.009708738,0.055806938,0.027972028,0.053619303,0.127819549,0.361386139,0.012864096,0.014751868,0.756457565,0.01050734,0.225204452,0.193726176,0.105761041,0.347708771,0.4931362,0.423617168,0.105244034,0.472303207,0.136411127,0.16685303
4007,1,0.615730337,0.595505618,0.638636364,0.094930248,0.003804352,0.316725979,0.536585366,0.52851711,0.448275862,0.178294574,0.885745375,0.811724915,0.398026316,0.003236246,0.055806938,0.006993007,0.045576408,0.135338346,0.366336634,0.005939626,0.006713356,0.732472325,0.003593035,0.223993497,0.28598538,0.225023106,0.283609548,0.3616831,0.34874773,0.212297379,0.51451895,0.162073919,0.232441121
4012,1,0.75505618,0.761797753,0.747727273,0.113644097,0.001355601,0.227758007,0.570121951,0.494296578,0.568965517,0.191860465,0.824809576,0.782412627,0.302631579,0.004854369,0.092006033,0.034965035,0.048257373,0.205513784,0.183168317,0.001947458,0.001823335,0.463099631,0.000703312,0.117479223,0.26359301,0.051177036,0.35425514,0.4092621,0.283143347,0.507237242,0.773236152,0.215162596,0.486005311
4013,1,0.321348315,0.307865169,0.331818182,0.091527731,0.401669585,0.421708185,0.408536585,0.730038023,0.24137931,0.184108527,0.871599565,0.812852311,0.355263158,0.037216828,0.022624434,0.062937063,0.048257373,0.152882206,0.512376238,0.389872189,0.452498106,0.776752768,0.42037692,0.366554418,0.292899457,0.253329951,0.445781655,0.5534412,0.566245652,0.209071764,0.719708455,0.099059684,0.262876511
4015,1,0.633707865,0.624719101,0.640909091,0.103436543,0.014234901,0.202846975,0.631097561,0.741444867,0.301724138,0.23255814,0.922742111,0.847801578,0.407894737,0.009708738,0.028657617,0.013986014,0.058981233,0.072681704,0.368811881,0.022969361,0.025915797,0.730627306,0.009054285,0.189058275,0.236431742,0.169551114,0.316172751,0.3446839,0.40918092,0.21373593,0.580991254,0.172195377,0.231724789
4017,1,0.321348315,0.305617978,0.338636364,0.101054781,0.006880373,0.28113879,0.62195122,0.55513308,0.32183908,0.234496124,0.844396083,0.767756483,0.404605263,0.017799353,0.073906486,0.020979021,0.056300268,0.167919799,0.420792079,0.010618129,0.011729756,0.697416974,0.005219529,0.20332432,0.249022293,0.130099128,0.309503733,0.4211201,0.413131137,0.241757997,0.681399417,0.125048975,0.257617583
4023,1,0.334831461,0.280898876,0.381818182,0.071112623,0.003742496,0.254448399,0.442073171,0.851711027,0.301724138,0.242248062,0.906420022,0.874859076,0.279605263,0.004854369,0.02413273,0.006993007,0.045576408,0.140350877,0.440594059,0.004529645,0.004456342,0.529520295,0.003452373,0.212315246,0.186300556,0.161559232,0.344642556,0.4527949,0.378841201,0.224992214,0.748921283,0.14751208,0.281658397
5003,1,0.449438202,0.415730337,0.465909091,0.079618918,0.00170256,0.259786477,0.399390244,0.422053232,0.327586207,0.465116279,0.916213275,0.903043968,0.230263158,0.003236246,0.039215686,0.027972028,0.064343164,0.065162907,0.356435644,0.002261845,0.002549103,0.728782288,0.001152612,0.260222617,0.290721275,0.248690673,0.355711592,0.3512272,0.547541118,0.177557134,0.612827988,0.135562231,0.222989028
5031,1,0.278651685,0.260674157,0.290909091,0.082000681,0.010054187,0.357651246,0.344512195,0.608365019,0.290229885,0.323643411,0.931447225,0.879368658,0.342105263,0.004854369,0.031674208,0.006993007,0.026809651,0.087719298,0.326732673,0.009352242,0.010956268,0.791512915,0.007965859,0.260521208,0.287932542,0.190627209,0.305241694,0.4190904,0.482747299,0.223012354,0.613760933,0.215097297,0.258229087
5137,1,0.620224719,0.586516854,0.65,0.108880572,0.00091869,0.346975089,0.429878049,0.19391635,0.66954023,0.236434109,0.856365615,0.782412627,0.398026316,0,0.040723982,0,0.131367292,0.160401003,0.48019802,0.001420302,0.001457305,0.588560886,0.000874018,0.112270458,0.225260309,0.107609503,0.211660815,0.3386748,0.493438536,0.255186937,0.808396501,0.095402899,0.330019568
6027,1,0.537078652,0.521348315,0.581818182,0.104457298,0.001752872,0.284697509,0.570121951,0.673003802,0.341954023,0.19379845,0.795429815,0.726042841,0.378289474,0.017799353,0.125188537,0.391608392,0.013404826,0.097744361,0.287128713,0.002084407,0.002410662,0.769372694,0.001630591,0.344242987,0.260936288,0.21433102,0.434773943,0.6008733,0.472722982,0.187797535,0.669504373,0.239258195,0.217433084
6029,1,0.217977528,0.215730337,0.213636364,0.117386866,0.070492131,0.231316726,0.411585366,0.494296578,0.600574713,0.265503876,0.920565832,0.835400225,0.4375,0.014563107,0.019607843,0.034965035,0.061662198,0.07518797,0.46039604,0.076412502,0.072789199,0.485239852,0.043254353,0.264170662,0.248477748,0.239249017,0.441182332,0.6529258,0.642664396,0.117649676,0.600291545,0.19531148,0.176899154
6035,1,0.334831461,0.301123596,0.495454545,0.429397754,0.001899453,0.263345196,0.713414634,0.490494297,0.318965517,0.23255814,0.882480958,0.83427283,0.325657895,0.014563107,0.058823529,0.034965035,0.010723861,0.147869674,0.405940594,0.003243116,0.00383021,0.804428044,0.001727552,0.390275866,0.31784954,0.38419021,0.480889816,0.4847769,0.554866975,0.106030046,0.486005831,0.163641113,0.121165001
6043,1,0.653932584,0.660674157,0.65,0.103436543,0.001508716,0.270462633,0.835365854,0.558935361,0.252873563,0.156976744,0.769314472,0.702367531,0.368421053,0.030744337,0.126696833,0.174825175,0.013404826,0.215538847,0.685643564,0.002276533,0.002671288,0.793357934,0.001677023,0.263656421,0.367023646,0.236059513,0.330384657,0.4046551,0.531309317,0.156490531,0.634402332,0.117408907,0.209867915
6051,1,0.391011236,0.435955056,0.322727273,0.154134059,0.001629814,0.400355872,0.731707317,0.425855513,0.275862069,0.13372093,0.490750816,0.454340474,0.246710526,0.268608414,0.202111614,0.363636364,0.018766756,0.290726817,0.272277228,0.001637833,0.001887836,0.763837638,0.001724821,0.355357232,0.374185244,0.301172505,0.436766983,0.4288251,0.408729467,0.205512465,0.654693878,0.184145227,0.230222238
6053,1,0.274157303,0.269662921,0.272727273,0.1143246,0.039765244,0.261565836,0.463414634,0.486692015,0.58045977,0.220930233,0.815016322,0.742953777,0.388157895,0.03236246,0.046757164,0.055944056,0.198391421,0.112781955,0.435643564,0.039456458,0.037312036,0.47601476,0.032086036,0.252193819,0.27245425,0.208441311,0.453753814,0.5506637,0.638703918,0.131694078,0.632653061,0.239519394,0.181738766
6055,1,0.431460674,0.413483146,0.447727273,0.0952705,0.014861736,0.384341637,0.515243902,0.517110266,0.33045977,0.205426357,0.870511425,0.80270575,0.381578947,0.024271845,0.060331825,0.048951049,0.016085791,0.145363409,0.47029703,0.015161668,0.016901379,0.712177122,0.017720724,0.42328683,0.335489513,0.297076892,0.517301118,0.6717945,0.671034136,0.159226742,0.551078717,0.197858169,0.184936054
6065,1,0.298876404,0.287640449,0.302272727,0.095610752,0.201207016,0.28113879,0.5,0.66539924,0.327586207,0.253875969,0.902067465,0.817361894,0.434210526,0.021035599,0.022624434,0.027972028,0.034852547,0.130325815,0.693069307,0.2187468,0.229232621,0.618081181,0.15746125,0.312476154,0.301661689,0.270763487,0.447728701,0.555698,0.636364569,0.091258954,0.585422741,0.204584041,0.120658327
6069,1,0.305617978,0.298876404,0.306818182,0.100034025,0.005567896,0.258007117,0.43902439,0.55513308,0.474137931,0.275193798,0.937976061,0.85005637,0.444078947,0.008090615,0.022624434,0.027972028,0.024128686,0.077694236,0.683168317,0.00596265,0.006089845,0.581180812,0.003700922,0.365343463,0.293559512,0.306790381,0.528569457,0.6518575,0.668694787,0.189532694,0.659125364,0.178921249,0.22393249
6075,1,0.379775281,0.386516854,0.365909091,0.112283089,0.104349053,0.734875445,0.356707317,0.47148289,0.103448276,0.102713178,0.37867247,0.342728298,0.236842105,0.54368932,0.159879336,0.286713287,0.075067024,0.165413534,0.680693069,0.086300633,0.096940919,0.723247232,0.131915329,0.665511006,0.298377915,0.217484279,0.482637558,0.8036215,0.842504335,0.166204452,0.628221574,0.181990336,0.222360053
6079,1,0.393258427,0.364044944,0.436363636,0.110241579,0.027748659,0.444839858,0.469512195,0.589353612,0.287356322,0.160852713,0.837867247,0.782412627,0.342105263,0.025889968,0.063348416,0.153846154,0.024128686,0.167919799,0.423267327,0.029220199,0.035018839,0.828413284,0.034027996,0.407577592,0.316347915,0.299251554,0.450365646,0.5544962,0.569508429,0.173285975,0.613644315,0.209220321,0.211842197
6083,1,0.274157303,0.260674157,0.284090909,0.100374277,0.044002587,0.382562278,0.506097561,0.513307985,0.405172414,0.162790698,0.806311208,0.713641488,0.450657895,0.055016181,0.066365008,0.272727273,0.032171582,0.135338346,0.353960396,0.040039187,0.043043717,0.656826568,0.045032434,0.335650183,0.297635353,0.258186695,0.458675089,0.5736052,0.597652442,0.139635765,0.597492711,0.172521875,0.19166259
6091,1,0.757303371,0.761797753,0.756818182,0.091527731,0.000249819,0.384341637,0.37195122,0.498098859,0.454022989,0.224806202,0.776931447,0.721533258,0.332236842,0,0.081447964,0.055944056,0,0.37593985,0.554455446,0.000423153,0.000501325,0.804428044,0.000363264,0.253786308,0.216184551,0.171653286,0.350882303,0.440238009,0.41865118,0.211459461,0.820699708,0.069348309,0.281431267
6093,1,0.593258427,0.575280899,0.6,0.0952705,0.003426247,0.341637011,0.527439024,0.547528517,0.382183908,0.19379845,0.834602829,0.77113867,0.361842105,0.009708738,0.070889894,0.041958042,0.026809651,0.223057644,0.339108911,0.005229872,0.006122358,0.789667897,0.004028679,0.163926812,0.231118298,0.15547018,0.277139835,0.292084,0.251603172,0.103241929,0.495451895,0.182087661,0.13550912
6095,1,0.359550562,0.339325843,0.377272727,0.094930248,0.041183137,0.339857651,0.478658537,0.661596958,0.295977011,0.226744186,0.903155604,0.815107103,0.444078947,0.045307443,0.022624434,0.034965035,0.026809651,0.095238095,0.641089109,0.046480961,0.054572628,0.795202952,0.0417972,0.436491216,0.337535684,0.308548232,0.528201512,0.6488663,0.670890492,0.467536223,0.806180758,0.227830743,0.382608848
6099,1,0.276404494,0.262921348,0.284090909,0.091187479,0.044873142,0.240213523,0.411585366,0.604562738,0.402298851,0.335271318,0.914036997,0.851183766,0.371710526,0.014563107,0.025641026,0.034965035,0.032171582,0.107769424,0.559405941,0.049870156,0.049864574,0.551660517,0.029171731,0.295622315,0.304796951,0.263822693,0.438898002,0.5741794,0.656146435,0.122832906,0.609504373,0.136345827,0.164529317
8013,1,0.325842697,0.305617978,0.338636364,0.101735284,0.035895769,0.711743772,0.329268293,0.452471483,0.143678161,0.125968992,0.71164309,0.683201804,0.25,0.080906149,0.079939668,0.307692308,0.034852547,0.28320802,0.433168317,0.032637578,0.041175807,0.91697417,0.068177535,0.482325034,0.318031056,0.245519291,0.431631073,0.5414764,0.587976976,0.474432366,0.754810496,0.20954682,0.462401286
8027,1,0.793258427,0.858426966,0.747727273,0.086423954,0.000261798,0.206405694,0.478658537,0.288973384,0.908045977,0.149224806,0.820457018,0.689966178,0.559210526,0,0.04826546,0,0,0.350877193,0.623762376,0.000590668,0.000742025,0.904059041,0.00071014,0.150838545,0.274318906,0.154074772,0.248670029,0.439506471,0.556949817,0.135245962,0.533294461,0.071046102,0.179554826
8033,1,0.550561798,0.435955056,0.715909091,0.140523988,0.000151373,0.231316726,0.582317073,0.718631179,0.41954023,0.166666667,0.717083787,0.635851184,0.404605263,0,0.301659125,0,0.002680965,0.162907268,0.344059406,0.000163942,0.000191406,0.774907749,0.000101058,0.208118375,0.295566756,0.292655081,0.234519447,0.4032663,0.475742589,0.115454775,0.542682216,0.337011885,0.194580334
8039,1,0.537078652,0.546067416,0.527272727,0.105137802,0.002693996,0.5,0.298780488,0.517110266,0.390804598,0.178294574,0.858541893,0.812852311,0.319078947,0.003236246,0.016591252,0,0.021447721,0.290726817,0.873762376,0.003555519,0.004612613,0.964944649,0.004245818,0.563508784,0.309549347,0.395770283,0.670765174,0.6969794,0.478530314,0.207032582,0.727580175,0.240237691,0.23771752
8041,1,0.276404494,0.256179775,0.297727273,0.103096291,0.069781224,0.489323843,0.408536585,0.63878327,0.24137931,0.156976744,0.880304679,0.824126268,0.345394737,0.011326861,0.052790347,0.027972028,0.029490617,0.15037594,0.433168317,0.064834935,0.08194101,0.920664207,0.088887675,0.375313107,0.316727447,0.228339465,0.410274886,0.4954464,0.568923592,0.184119592,0.603381924,0.164751208,0.216437207
8057,1,0.66741573,0.687640449,0.65,0.079618918,0.000148977,0.386120996,0.323170732,0.281368821,0.698275862,0.197674419,0.631120783,0.65276212,0.095394737,0.001618123,0.191553544,0,0.09919571,0.45112782,0.398514851,0.000167912,0.000210284,0.883763838,9.70E-05,0.306504321,0.299437364,0.325220638,0.273031107,0.4825468,0.167058268,0.142468374,0.619650146,0.201123155,0.189723251
8065,1,0.402247191,0.42247191,0.370454545,0.183735965,0.000904315,0.268683274,0.658536585,0.501901141,0.468390805,0.156976744,0.760609358,0.689966178,0.378289474,0.025889968,0.152337858,0.041958042,0.029490617,0.230576441,0.514851485,0.000830031,0.001036212,0.894833948,0.000792079,0.324253936,0.408128579,0.35225893,0.339889923,0.3647678,0.121369135,0.192113186,0.575218659,0.312720387,0.231200643
8075,1,0.350561798,0.339325843,0.431818182,0.170806397,0.002245977,0.217081851,0.515243902,0.585551331,0.471264368,0.255813953,0.883569097,0.801578354,0.421052632,0.006472492,0.084464555,0,0.024128686,0.112781955,0.304455446,0.002219768,0.002721106,0.865313653,0.001264595,0.309191646,0.401825052,0.238560374,0.378692873,0.4387335,0.323055929,0.169051892,0.592944606,0.207000131,0.218988049
8081,1,0.364044944,0.337078652,0.4,0.125552909,0.001354512,0.240213523,0.426829268,0.631178707,0.551724138,0.209302326,0.877040261,0.754227734,0.542763158,0.01618123,0.085972851,0.041958042,0.013404826,0.107769424,0.388613861,0.001454043,0.001785054,0.867158672,0.000871287,0.283413234,0.415851224,0.22040195,0.416146688,0.3431883,0.420046582,0.150254342,0.646705539,0.179443646,0.213536935
8083,1,0.492134831,0.476404494,0.518181818,0.090847227,0.002352264,0.339857651,0.527439024,0.589353612,0.341954023,0.201550388,0.84874864,0.821871477,0.259868421,0.001618123,0.057315234,0.034965035,0.018766756,0.240601504,0.430693069,0.003039082,0.003661354,0.835793358,0.002806419,0.234892092,0.284318741,0.200485674,0.321492633,0.3433085,0.318633738,0.318972549,0.682565598,0.18360112,0.407226221
8091,1,0.714606742,0.712359551,0.706818182,0.068390609,0.000479818,0.665480427,0.423780488,0.281368821,0.298850575,0.098837209,0.756256801,0.622322435,0.5625,0.004854369,0.135746606,0.083916084,0.034852547,0.285714286,0.492574257,0.000657753,0.000855819,0.964944649,0.001140321,0.28756034,0.413277009,0.177977927,0.318687047,0.3544721,0.309276341,0.350279553,0.569387755,0.098667886,0.436054232
8121,1,0.478651685,0.456179775,0.515909091,0.119428377,0.000457603,0.439501779,0.298780488,0.365019011,0.436781609,0.286821705,0.823721436,0.772266065,0.328947368,0.011326861,0.073906486,0,0.021447721,0.263157895,0.46039604,0.000519613,0.000642389,0.874538745,0.000344145,0.244513379,0.227636508,0.21998514,0.341913625,0.3823946,0.32309697,0.227409572,0.498367347,0.239388795,0.196991404
9003,1,0.420224719,0.386516854,0.443181818,0.079278666,0.094437745,0.533807829,0.356707317,0.619771863,0.175287356,0.197674419,0.89445049,0.863585118,0.276315789,0.055016181,0.031674208,0.013986014,0.024128686,0.095238095,0.448019802,0.10008209,0.12004384,0.830258303,0.128174804,0.512300317,0.317668025,0.359779634,0.512241863,0.6734637,0.689810492,0.482181257,0.386530612,0.182837046,0.546212174
9013,1,0.366292135,0.343820225,0.386363636,0.099353522,0.016730697,0.505338078,0.375,0.589353612,0.25,0.180232558,0.880304679,0.869222097,0.217105263,0.030744337,0.066365008,0.013986014,0.016085791,0.112781955,0.52970297,0.016894373,0.021336745,0.918819188,0.022190509,0.597315993,0.329961552,0.46075642,0.579008693,0.7156745,0.685603768,0.337377093,0.556034985,0.082734753,0.408396813
10005,1,0.586516854,0.564044944,0.602272727,0.079278666,0.019651861,0.323843416,0.457317073,0.623574144,0.333333333,0.251937984,0.9085963,0.887260428,0.25,0.012944984,0.025641026,0.013986014,0.032171582,0.127819549,0.504950495,0.02410465,0.028285556,0.793357934,0.020230795,0.301196025,0.333426841,0.238886573,0.416008708,0.4769783,0.512779209,0.377500779,0.493119534,0.182314703,0.438570131
12007,1,0.438202247,0.364044944,0.515909091,0.17897244,0.001989623,0.323843416,0.579268293,0.6121673,0.284482759,0.213178295,0.943416757,0.894024803,0.335526316,0.003236246,0.046757164,0,0.021447721,0.045112782,0.683168317,0.002900545,0.003177858,0.684501845,0.00110618,0.286764096,0.342238577,0.196100107,0.44671685,0.3817269,0.430604435,0.386413858,0.582565598,0.182130556,0.464235796
12029,1,0.557303371,0.519101124,0.611363636,0.167744131,0.001035432,0.160142349,0.481707317,0.642585551,0.393678161,0.362403101,0.911860718,0.8421646,0.388157895,0,0.015082956,0.006993007,0.037533512,0.155388471,0.561881188,0.001880372,0.001915105,0.577490775,0.000394674,0.189970638,0.296810284,0.212228847,0.245481166,0.4908928,0.588582334,0.413627668,0.718250729,0.20464934,0.468359075
12031,1,0.325842697,0.305617978,0.345454545,0.078598163,0.09193389,0.403914591,0.408536585,0.756653992,0.224137931,0.203488372,0.896626768,0.852311161,0.315789474,0.030744337,0.022624434,0.041958042,0.037533512,0.120300752,0.477722772,0.09290476,0.109867878,0.806273063,0.086107204,0.321500257,0.291150311,0.209746108,0.388857375,0.4796357,0.505330228,0.341425796,0.628163265,0.291628575,0.405321825
12033,1,0.350561798,0.31011236,0.388636364,0.094930248,0.030286273,0.332740214,0.484756098,0.813688213,0.244252874,0.189922481,0.857453754,0.801578354,0.345394737,0.011326861,0.031674208,0.027972028,0.034852547,0.235588972,0.420792079,0.031658689,0.038116988,0.835793358,0.026616593,0.270905562,0.253972707,0.175332089,0.363975041,0.4231632,0.430645476,0.427264233,0.680291545,0.181618918,0.532759103
12067,1,0.379775281,0.352808989,0.404545455,0.216740388,0.000522943,0.304270463,0.539634146,0.368821293,0.425287356,0.28875969,0.942328618,0.81848929,0.552631579,0.003236246,0.007541478,0.055944056,0.024128686,0.090225564,0.502475248,0.000828047,0.000828026,0.553505535,0.000307272,0.264386311,0.473309021,0.273354959,0.27293912,0.4668563,0.267270657,0.279323437,0.605714286,0.335314092,0.341690544
12071,1,0.579775281,0.561797753,0.597727273,0.085062947,0.058687249,0.307829181,0.512195122,0.787072243,0.32183908,0.158914729,0.891186072,0.847801578,0.3125,0.014563107,0.015082956,0.055944056,0.061662198,0.142857143,0.554455446,0.071539492,0.083424011,0.784132841,0.063684534,0.249307433,0.28694246,0.18232725,0.361982001,0.4205993,0.451340509,0.464955731,0.626297376,0.180861636,0.555192536
12089,1,0.519101124,0.507865169,0.527272727,0.091187479,0.007113203,0.362989324,0.423780488,0.6121673,0.324712644,0.244186047,0.921653972,0.87373168,0.332236842,0.003236246,0.02413273,0.06993007,0.042895442,0.085213033,0.606435644,0.009071199,0.011092087,0.861623616,0.00689382,0.350447058,0.339169321,0.283050325,0.445796986,0.5342921,0.453566995,0.582842694,0.579358601,0.672064777,0.538402404
12093,1,0.420224719,0.404494382,0.440909091,0.158897584,0.002877385,0.133451957,0.506097561,0.604562738,0.597701149,0.259689922,0.928182807,0.839909808,0.447368421,0.011326861,0.040723982,0.062937063,0.021447721,0.055137845,0.497524752,0.003988993,0.003887894,0.516605166,0.001522704,0.187980028,0.293972047,0.217067469,0.293513422,0.4243116,0.34233504,0.355388631,0.50425656,0.182168904,0.428034803
12099,1,0.512359551,0.480898876,0.534090909,0.077577407,0.136415642,0.402135231,0.521341463,0.69581749,0.25862069,0.139534884,0.87921654,0.83427283,0.315789474,0.03236246,0.022624434,0.048951049,0.037533512,0.157894737,0.502475248,0.146426102,0.172688253,0.802583026,0.175590304,0.313703698,0.26263593,0.205578007,0.389301976,0.4871538,0.522936909,0.279167717,0.489387755,0.145618388,0.352592774
12105,1,0.424719101,0.408988764,0.438636364,0.08574345,0.054141281,0.290035587,0.490853659,0.69581749,0.307471264,0.25,0.92383025,0.870349493,0.345394737,0.008090615,0.016591252,0.027972028,0.042895442,0.102756892,0.512376238,0.063227667,0.071039805,0.723247232,0.042906111,0.257535292,0.282404581,0.198274768,0.371686572,0.4276367,0.416629901,0.283475952,0.678425656,0.477602194,0.367321266
12107,1,0.516853933,0.496629213,0.534090909,0.090847227,0.005336155,0.170818505,0.539634146,0.642585551,0.474137931,0.261627907,0.918389554,0.845546787,0.401315789,0.011326861,0.022624434,0.06993007,0.032171582,0.095238095,0.559405941,0.008106203,0.008654681,0.645756458,0.003614886,0.16963323,0.23521064,0.176292564,0.296579637,0.2964907,0.387931831,0.210013496,0.477842566,0.182865946,0.301383744
12111,1,0.512359551,0.492134831,0.525,0.082681184,0.024865393,0.259786477,0.539634146,0.802281369,0.333333333,0.180232558,0.905331882,0.835400225,0.391447368,0.008090615,0.013574661,0.034965035,0.058981233,0.130325815,0.561881188,0.031009272,0.035388016,0.749077491,0.020723797,0.24481197,0.244055379,0.17783295,0.385346559,0.4040675,0.358053826,0.297008705,0.67212828,0.147446781,0.351002865
12117,1,0.397752809,0.366292135,0.411363636,0.0762164,0.046453733,0.537366548,0.332317073,0.764258555,0.175287356,0.13372093,0.897714908,0.874859076,0.253289474,0.011326861,0.010558069,0.034965035,0.034852547,0.170426065,0.554455446,0.048758287,0.060825561,0.896678967,0.064004097,0.361047061,0.306051055,0.245029992,0.381927729,0.5119916,0.535341617,0.289875276,0.455276968,0.182346548,0.400342442
13007,1,0.548314607,0.579775281,0.527272727,0.079618918,0.000276391,0.234875445,0.25,0.783269962,0.522988506,0.273255814,0.977149075,0.931228861,0.325657895,0,0.018099548,0,0.032171582,0.010025063,0.559405941,0.000390603,0.000441544,0.730627306,0.000128371,0.30809681,0.368079735,0.277468694,0.462845141,0.440754121,0.362157947,0.288629521,0.734635569,0.322711245,0.394506954
13011,1,0.435955056,0.449438202,0.418181818,0.107179313,0.001645496,0.183274021,0.387195122,0.547528517,0.416666667,0.432170543,0.945593036,0.885005637,0.368421053,0,0.027149321,0,0.021447721,0.080200501,0.623762376,0.001995886,0.001996911,0.553505535,0.000786617,0.22691306,0.336446593,0.194559722,0.39719748,0.2898272,0.417153176,0.323021252,0.503498542,0.056157764,0.380669509
13055,1,0.42247191,0.370786517,0.463636364,0.127934672,0.001932124,0.147686833,0.362804878,0.441064639,0.373563218,0.567829457,0.957562568,0.918827508,0.305921053,0.006472492,0.028657617,0.006993007,0.010723861,0.042606516,0.504950495,0.002692144,0.00271796,0.564575646,0.000858996,0.243683957,0.363525354,0.240028271,0.355083018,0.4252597,0.426223285,0.38579098,0.621574344,0.068107614,0.480344538
13065,1,0.352808989,0.316853933,0.372727273,0.101054781,0.000467404,0.261565836,0.323170732,0.460076046,0.41954023,0.430232558,0.936887922,0.934611048,0.197368421,0,0.013574661,0,0.096514745,0.052631579,0.363861386,0.000684746,0.000750415,0.684501845,0.000420621,0.238524957,0.383673537,0.222975299,0.244086038,0.422175,0.45373116,0.395653206,0.56606414,0.051064386,0.475347683
13095,1,0.294382022,0.278651685,0.311363636,0.052739027,0.007393515,0.307829181,0.518292683,0.566539924,0.232758621,0.325581395,0.899891186,0.825253664,0.404605263,0.030744337,0.043740573,0,0.021447721,0.107769424,0.321782178,0.008914005,0.009934739,0.712177122,0.006553773,0.206807889,0.186729592,0.182961527,0.29719288,0.3916086,0.425894955,0.332164202,0.569970845,0.220908972,0.419071913
13115,1,0.37752809,0.357303371,0.386363636,0.082000681,0.008643918,0.282918149,0.463414634,0.536121673,0.318965517,0.346899225,0.90968444,0.882750846,0.266447368,0.008090615,0.037707391,0.027972028,0.029490617,0.110275689,0.425742574,0.00979564,0.010619079,0.669741697,0.006627518,0.255677388,0.200227719,0.209981697,0.371717234,0.4421521,0.479987277,0.384100313,0.51877551,0.167950895,0.467992173
13119,1,0.431460674,0.413483146,0.454545455,0.084722695,0.001690581,0.261565836,0.338414634,0.513307985,0.385057471,0.414728682,0.916213275,0.906426156,0.217105263,0.006472492,0.037707391,0.013986014,0.032171582,0.102756892,0.514851485,0.002294396,0.002359271,0.592250923,0.000787982,0.187565317,0.2550948,0.148475019,0.333757493,0.3537777,0.46692591,0.249581041,0.479300292,0.12132689,0.372737438
13125,1,0.429213483,0.406741573,0.463636364,0.083701939,0.000269857,0.268683274,0.216463415,0.406844106,0.445402299,0.5,0.952121872,0.906426156,0.325657895,0,0.001508296,0,0.034852547,0.095238095,0.626237624,0.000322327,0.000316213,0.529520295,9.29E-05,0.213775028,0.372947641,0.15829724,0.376423874,0.3805384,0.264100223,0.585608566,0.572653061,0.259762309,0.500594032
13133,1,0.602247191,0.579775281,0.622727273,0.080639673,0.001321406,0.229537367,0.606707317,0.627376426,0.275862069,0.296511628,0.872687704,0.847801578,0.253289474,0.001618123,0.021116139,0,0.101876676,0.180451128,0.497524752,0.001780737,0.001941849,0.677121771,0.001377945,0.191679246,0.141235293,0.131766369,0.307296058,0.7621451,0.414783046,0.350257308,0.627696793,0.163771712,0.435599972
13137,1,0.404494382,0.37752809,0.402272727,0.065668595,0.003528614,0.243772242,0.375,0.593155894,0.376436782,0.375968992,0.936887922,0.901916573,0.292763158,0.011326861,0.022624434,0,0.042895442,0.067669173,0.514851485,0.004381581,0.004769933,0.675276753,0.003276203,0.243916195,0.301727694,0.215019663,0.354929707,0.4458243,0.408421657,0.37683341,0.67516035,0.102716469,0.435180656
13177,1,0.343820225,0.337078652,0.345454545,0.100714529,0.002856476,0.450177936,0.25304878,0.714828897,0.298850575,0.220930233,0.961915125,0.925591883,0.299342105,0.001618123,0.003016591,0.020979021,0.016085791,0.077694236,0.393564356,0.003015264,0.003567486,0.806273063,0.002574257,0.41202329,0.374944308,0.301553071,0.45540957,0.5235692,0.461898361,0.388623589,0.620058309,0.102781768,0.444283318
13183,1,0.229213483,0.253932584,0.2,0.099353522,0.001386093,0.275800712,0.356707317,0.669201521,0.367816092,0.321705426,0.949945593,0.871476888,0.421052632,0.003236246,0.015082956,0,0.107238606,0.005012531,0.601485149,0.0014727,0.001663918,0.732472325,0.00074155,0.342235788,0.267635848,0.267664595,0.456176123,0.5074113,0.336784216,0.516446929,0.548221574,0.160898524,0.524128171
13289,1,0.543820225,0.485393258,0.575,0.0952705,0.000523597,0.174377224,0.329268293,0.566539924,0.520114943,0.399224806,0.948857454,0.910935738,0.302631579,0.022653722,0.013574661,0,0.010723861,0.070175439,0.653465347,0.001047165,0.000968041,0.448339483,0.000443837,0.348257386,0.46311117,0.268588826,0.507703865,0.8137569,0.428973046,0.292878435,0.572536443,0.1427452,0.429956671
13293,1,0.440449438,0.411235955,0.475,0.069411364,0.002052568,0.256227758,0.396341463,0.593155894,0.252873563,0.434108527,0.961915125,0.860202931,0.490131579,0.004854369,0.006033183,0,0.045576408,0.042606516,0.448019802,0.002891415,0.003109686,0.656826568,0.001280983,0.205182224,0.246844111,0.186332252,0.32258114,0.5415565,0.376255605,0.389305788,0.756151603,0.265443385,0.458417779
13295,1,0.431460674,0.404494382,0.463636364,0.094930248,0.006028113,0.243772242,0.304878049,0.627376426,0.33908046,0.430232558,0.952121872,0.912063134,0.309210526,0.004854369,0.021116139,0,0.016085791,0.067669173,0.564356436,0.007652881,0.008287077,0.667896679,0.004139297,0.271204154,0.29832841,0.224207608,0.365508148,0.5347061,0.448416322,0.322390959,0.633644315,0.149144574,0.410458453
15007,1,0.460674157,0.447191011,0.470454545,0.097992514,0.007403534,0.265124555,0.731707317,0.589353612,0.32183908,0.164728682,0.882480958,0.838782413,0.3125,0.012944984,0.039215686,0.041958042,0.021447721,0.167919799,0.438118812,0.008020461,0.01002913,0.900369004,0.007576647,0.34411028,0.33161169,0.272213262,0.453171233,0.4689528,0.41729682,0.214514526,0.514693878,0.071046102,0.325669159
17029,1,0.271910112,0.269662921,0.279545455,0.075876148,0.005345956,0.293594306,0.457317073,0.684410646,0.221264368,0.329457364,0.869423286,0.813979707,0.342105263,0.01618123,0.082956259,0.097902098,0.016085791,0.102756892,0.277227723,0.004911912,0.005919416,0.837638376,0.004319563,0.255494916,0.201234303,0.194342255,0.31388842,0.3823946,0.440187558,0.28841448,0.535276968,0.126681468,0.368404501
17035,1,0.451685393,0.438202247,0.459090909,0.102415788,0.001024106,0.236654804,0.408536585,0.3878327,0.376436782,0.467054264,0.928182807,0.899661781,0.273026316,0.006472492,0.037707391,0.013986014,0.016085791,0.087719298,0.440594059,0.001213886,0.00148772,0.863468635,0.000508023,0.269313073,0.237900365,0.272249506,0.360832171,0.378749,0.37439849,0.300582835,0.571370262,0.192372992,0.376266685
17087,1,0.480898876,0.442696629,0.545454545,0.208234093,0.000924135,0.34341637,0.466463415,0.589353612,0.356321839,0.226744186,0.914036997,0.909808343,0.200657895,0.003236246,0.040723982,0,0.024128686,0.120300752,0.524752475,0.001433799,0.001662869,0.773062731,0.000833049,0.261798517,0.170343724,0.155941357,0.364756926,0.4017039,0.485384197,0.370500823,0.6,0.128052762,0.390663219
17091,1,0.357303371,0.341573034,0.363636364,0.087104457,0.010667083,0.298932384,0.393292683,0.623574144,0.284482759,0.350775194,0.905331882,0.886133033,0.243421053,0.029126214,0.037707391,0.013986014,0.048257373,0.07518797,0.472772277,0.011575583,0.013596617,0.795202952,0.007359508,0.357878672,0.267619346,0.285569308,0.467567112,0.4978501,0.514749187,0.287042667,0.663265306,0.200796657,0.336291844
17109,1,0.206741573,0.186516854,0.236363636,0.090847227,0.00296015,0.37544484,0.487804878,0.600760456,0.206896552,0.273255814,0.856365615,0.833145434,0.25,0.017799353,0.119155354,0.041958042,0.018766756,0.090225564,0.254950495,0.002724694,0.003416459,0.904059041,0.003131444,0.287693048,0.270969126,0.159674526,0.341484355,0.3908207,0.435026625,0.161532872,0.435393586,0.196682774,0.147774128
17197,1,0.348314607,0.337078652,0.352272727,0.094589997,0.072248488,0.414590747,0.338414634,0.657794677,0.25,0.26744186,0.898803047,0.895152198,0.197368421,0.063106796,0.012066365,0.006993007,0.029490617,0.105263158,0.688118812,0.073350397,0.089766092,0.863468635,0.083893479,0.502330674,0.34682596,0.327214077,0.523096264,0.6487594,0.664098171,0.312232126,0.662973761,0.118519002,0.415577608
18093,1,0.469662921,0.462921348,0.479545455,0.092548486,0.004430969,0.279359431,0.396341463,0.623574144,0.307471264,0.356589147,0.95429815,0.922209696,0.286184211,0.003236246,0.018099548,0,0.013404826,0.07518797,0.485148515,0.005178268,0.006237726,0.837638376,0.002684875,0.250933099,0.240887114,0.202932169,0.356386159,0.4807174,0.501739122,0.261282238,0.457784257,0.326498629,0.383639667
18095,1,0.415730337,0.395505618,0.434090909,0.099353522,0.011910298,0.275800712,0.493902439,0.650190114,0.244252874,0.329457364,0.928182807,0.88951522,0.305921053,0.003236246,0.033182504,0.020979021,0.037533512,0.082706767,0.517326733,0.01387633,0.016520141,0.817343173,0.008331854,0.268798832,0.256629429,0.217357424,0.374338847,0.4266752,0.428572894,0.196873749,0.430204082,0.212028209,0.105737648
18161,1,0.485393258,0.402247191,0.511363636,0.104117047,0.000711124,0.213523132,0.50304878,0.676806084,0.298850575,0.337209302,0.941240479,0.888387824,0.345394737,0.001618123,0.025641026,0.006993007,0.00536193,0.100250627,0.485148515,0.000831619,0.001017858,0.859778598,0.000570843,0.244214787,0.405950397,0.173809826,0.355236329,0.3323185,0.582005479,0.359852586,0.59090379,0.190214713,0.469669439
18165,1,0.483146067,0.460674157,0.506818182,0.087784961,0.001380213,0.181494662,0.359756098,0.505703422,0.333333333,0.527131783,0.945593036,0.870349493,0.411184211,0.011326861,0.034690799,0,0.016085791,0.052631579,0.482673267,0.001772798,0.002078193,0.791512915,0.000749744,0.266940929,0.215194469,0.233359308,0.373541632,0.5092541,0.426828643,0.483315784,0.566005831,0.128313961,0.496103851
19011,1,0.456179775,0.431460674,0.459090909,0.098673018,0.002812698,0.34519573,0.268292683,0.581749049,0.32183908,0.377906977,0.905331882,0.862457723,0.3125,0.003236246,0.049773756,0,0.029490617,0.122807018,0.462871287,0.002971203,0.003755745,0.918819188,0.002232844,0.415822039,0.320060725,0.386165528,0.438729361,0.4987448,0.521459426,0.352444794,0.675276968,0.189484888,0.480746383
19191,1,0.429213483,0.42247191,0.443181818,0.09901327,0.002587273,0.421708185,0.37195122,0.520912548,0.293103448,0.281007752,0.721436344,0.694475761,0.246710526,0.001618123,0.238310709,0.062937063,0.024128686,0.218045113,0.29950495,0.002259067,0.002894682,0.942804428,0.001812223,0.33210026,0.400537945,0.292111415,0.38422739,0.4021179,0.449575736,0.293441991,0.567172012,0.205628836,0.372789853
20089,1,0.66741573,0.656179775,0.684090909,0.098673018,0.000277916,0.43594306,0.25304878,0.380228137,0.468390805,0.292635659,0.86398259,0.822998873,0.299342105,0,0.064856712,0.034965035,0.045576408,0.167919799,0.336633663,0.000341778,0.000432629,0.911439114,0.00018846,0.223296784,0.329631524,0.211195883,0.304352492,0.3490105,0.32309697,0.349352652,0.538309038,0.1190414,0.428034803
20101,1,0.483146067,0.480898876,0.486363636,0.087444709,0.000177073,0.346975089,0.402439024,0.562737643,0.5,0.178294574,0.92491839,0.916572717,0.213815789,0,0.049773756,0,0.010723861,0.100250627,0.237623762,0.000165927,0.000212382,0.918819188,0.000139297,0.332697444,0.479183512,0.286022363,0.38692566,0.4454504,0.31668428,0.334633466,0.613527697,0.329437116,0.382661262
21017,1,0.451685393,0.424719101,0.493181818,0.083701939,0.001937133,0.297153025,0.423780488,0.551330798,0.350574713,0.32751938,0.898803047,0.85005637,0.328947368,0.008090615,0.02413273,0,0.034852547,0.165413534,0.423267327,0.00226899,0.002519213,0.704797048,0.001454421,0.26302606,0.232834442,0.213497399,0.377113772,0.5506904,0.448529185,0.286056445,0.620058309,0.196748074,0.366552519
21057,1,0.53258427,0.512359551,0.545454545,0.093569241,0.000516191,0.418149466,0.307926829,0.475285171,0.293103448,0.348837209,0.935799782,0.908680947,0.266447368,0.006472492,0,0,0.026809651,0.13283208,0.413366337,0.000794305,0.000830124,0.614391144,0.000360533,0.221140288,0.274516922,0.110019753,0.329158171,0.4413776,0.455629316,0.374126859,0.679125364,0.081559357,0.403749388
21135,1,0.435955056,0.431460674,0.445454545,0.094930248,0.000941341,0.245551601,0.426829268,0.288973384,0.485632184,0.424418605,0.930359086,0.871476888,0.361842105,0.003236246,0.012066365,0,0.053619303,0.105263158,0.698019802,0.001557252,0.001552221,0.54797048,0.000501195,0.185292703,0.306397584,0.168155706,0.293252794,0.2870764,0.435611463,0.253459194,0.559358601,0.183084901,0.36644769
21225,1,0.364044944,0.28988764,0.459090909,0.12181014,0.001335999,0.160142349,0.362804878,0.47148289,0.583333333,0.399224806,0.877040261,0.843291995,0.282894737,0.012944984,0.146304676,0,0.016085791,0.025062657,0.366336634,0.001576702,0.00180603,0.754612546,0.000655514,0.255411974,0.268130889,0.19379859,0.412390574,0.4342334,0.356586602,0.650795652,0.644139942,0.063079535,0.631700328
23007,1,0.534831461,0.528089888,0.536363636,0.086083702,0.003049449,0.293594306,0.493902439,0.608365019,0.350574713,0.257751938,0.847660501,0.78692221,0.355263158,0.008090615,0.104072398,0.013986014,0.021447721,0.157894737,0.452970297,0.003688896,0.004546015,0.874538745,0.003397747,0.230164391,0.145905183,0.190536598,0.338310822,0.3304356,0.384658794,0.130218452,0.536268222,0.254407731,0.167988678
24003,1,0.37752809,0.357303371,0.390909091,0.091867982,0.063920819,0.587188612,0.307926829,0.615969582,0.218390805,0.139534884,0.873775843,0.851183766,0.25,0.05987055,0.034690799,0.020979021,0.029490617,0.122807018,0.618811881,0.061633895,0.075916715,0.874538745,0.081511779,0.624603951,0.374102738,0.417335677,0.619237432,0.7654969,0.767009019,0.219186107,0.636734694,0.215750294,0.250087358
24011,1,0.415730337,0.406741573,0.409090909,0.078598163,0.003293823,0.243772242,0.515243902,0.539923954,0.459770115,0.259689922,0.90968444,0.88162345,0.269736842,0.017799353,0.043740573,0.020979021,0.042895442,0.077694236,0.636138614,0.003652376,0.004123349,0.730627306,0.001733015,0.285752202,0.268048382,0.283285914,0.380885216,0.4463852,0.545027344,0.210050572,0.655451895,0.114535719,0.232685722
24029,1,0.561797753,0.523595506,0.586363636,0.074515141,0.001934084,0.377224199,0.518292683,0.517110266,0.32183908,0.218992248,0.755168662,0.717023675,0.282894737,0.025889968,0.158371041,0.06993007,0.026809651,0.228070175,0.512376238,0.002142362,0.002485651,0.774907749,0.002241038,0.332996035,0.404250755,0.226780957,0.389915219,0.5206981,0.455865303,0.162207655,0.638950437,0.229397937,0.204277028
24031,1,0.384269663,0.361797753,0.404545455,0.075195645,0.1171286,0.765124555,0.317073171,0.399239544,0.163793103,0.089147287,0.736670294,0.685456595,0.315789474,0.25566343,0.033182504,0.034965035,0.021447721,0.142857143,0.732673267,0.112276525,0.137147112,0.861623616,0.23093479,0.663736045,0.351759872,0.284355122,0.516181949,0.6977272,0.863055724,0.151559418,0.451720117,0.155870445,0.162764694
24041,1,0.626966292,0.617977528,0.631818182,0.061585573,0.003777562,0.508896797,0.43597561,0.532319392,0.310344828,0.127906977,0.889009793,0.844419391,0.315789474,0.017799353,0.037707391,0.027972028,0.026809651,0.147869674,0.537128713,0.004293854,0.005161659,0.833948339,0.005238648,0.361893071,0.400900975,0.225240572,0.456774035,0.5419037,0.471686691,0.274525798,0.646005831,0.155217448,0.304074359
51065,0,0.474157303,0.438202247,0.475,0.04185097,0.002550682,0.535587189,0.307926829,0.577946768,0.324712644,0.145348837,0.933623504,0.821871477,0.516447368,0.003236246,0.013574661,0,0.008042895,0.135338346,0.688118812,0.002902133,0.003498266,0.837638376,0.002556504,0.389313737,0.308031221,0.270092967,0.475554602,0.4622092,0.528959708,0.280873215,0.697784257,0.137913021,0.326298134
51069,0,0.42247191,0.411235955,0.427272727,0.0952705,0.008985867,0.444839858,0.262195122,0.642585551,0.295977011,0.257751938,0.9390642,0.871476888,0.384868421,0.003236246,0.012066365,0,0.018766756,0.117794486,0.633663366,0.00933041,0.011171796,0.826568266,0.009025606,0.429524078,0.428210756,0.29423171,0.466601254,0.6262185,0.526292029,0.218793101,0.575568513,0.128444561,0.256219862
51071,0,0.496629213,0.485393258,0.504545455,0.083021436,0.001614568,0.227758007,0.411585366,0.429657795,0.353448276,0.470930233,0.9390642,0.854565953,0.4375,0.001618123,0.015082956,0.034965035,0.026809651,0.09273183,0.492574257,0.001893075,0.002213488,0.78597786,0.001009218,0.286996334,0.467335523,0.225113717,0.424532786,0.4172743,0.423781332,0.302043631,0.666938776,0.19994776,0.303567685
51073,0,0.512359551,0.487640449,0.515909091,0.090166723,0.003865554,0.288256228,0.432926829,0.623574144,0.416666667,0.251937984,0.935799782,0.892897407,0.315789474,0.003236246,0.007541478,0.027972028,0.050938338,0.090225564,0.683168317,0.004602685,0.005488884,0.819188192,0.003403209,0.401837997,0.353971057,0.368115837,0.522283717,0.4394146,0.493038384,0.383247564,0.730379009,0.319642158,0.453508282
51075,0,0.588764045,0.573033708,0.597727273,0.087104457,0.002206772,0.556939502,0.286585366,0.547528517,0.287356322,0.176356589,0.927094668,0.914317926,0.226973684,0.008090615,0.009049774,0,0.024128686,0.137844612,0.626237624,0.003017646,0.003644048,0.841328413,0.003851144,0.441152564,0.250556922,0.308240155,0.391111043,0.7114013,0.885966982,0.419900933,0.580991254,0.15476035,0.385980851
51077,0,0.6,0.595505618,0.606818182,0.087784961,0.001334257,0.181494662,0.469512195,0.513307985,0.270114943,0.498062016,0.952121872,0.879368658,0.401315789,0.01618123,0.025641026,0,0.008042895,0.052631579,0.584158416,0.001855364,0.001954959,0.627306273,0.00068829,0.174377519,0.21186119,0.166107899,0.283808852,0.4009828,0.411499749,0.14767385,0.706297376,0.177162191,0.229383605
51079,0,0.424719101,0.42247191,0.440909091,0.083701939,0.001926461,0.403914591,0.451219512,0.608365019,0.33045977,0.176356589,0.931447225,0.877113867,0.348684211,0.009708738,0.009049774,0,0.037533512,0.110275689,0.616336634,0.002122514,0.002507151,0.804428044,0.00170297,0.373737206,0.238576921,0.361972418,0.494350499,0.5630558,0.473082093,0.335048718,0.553527697,0.177162191,0.432332798
51081,0,0.442696629,0.393258427,0.527272727,0.314052399,0.000875129,0.161921708,0.618902439,0.673003802,0.238505747,0.364341085,0.931447225,0.888387824,0.315789474,0.012944984,0.010558069,0,0.123324397,0.020050125,0.45049505,0.001352423,0.001363437,0.564575646,0.000432912,0.195594114,0.251910034,0.143654519,0.321216674,0.295823,0.440659532,0.317682303,0.456443149,0.758586914,0.319624013
51083,0,0.543820225,0.498876404,0.568181818,0.069071113,0.003051845,0.224199288,0.493902439,0.55513308,0.272988506,0.414728682,0.916213275,0.88951522,0.269736842,0.004854369,0.015082956,0,0.112600536,0.070175439,0.497524752,0.004042582,0.004404427,0.677121771,0.002355753,0.264054543,0.284417749,0.237346188,0.355328315,0.4121331,0.385356494,0.377530439,0.574285714,0.270732663,0.362673842
51085,0,0.469662921,0.44494382,0.481818182,0.086083702,0.011501483,0.535587189,0.295731707,0.676806084,0.264367816,0.143410853,0.897714908,0.891770011,0.203947368,0.006472492,0.027149321,0.013986014,0.040214477,0.157894737,0.527227723,0.01240482,0.015464526,0.896678967,0.016319563,0.533550089,0.395472022,0.373769957,0.562803747,0.6667601,0.549531617,0.284729122,0.599008746,0.177398121,0.283370606
51087,0,0.373033708,0.341573034,0.395454545,0.063286832,0.035715647,0.542704626,0.341463415,0.714828897,0.152298851,0.162790698,0.926006529,0.886133033,0.305921053,0.017799353,0.013574661,0.006993007,0.018766756,0.117794486,0.420792079,0.034151165,0.041503032,0.852398524,0.048529874,0.434152249,0.284269236,0.270401044,0.426663805,0.5571135,0.613412269,0.220758131,0.677492711,0.168146794,0.248672164
51089,0,0.55505618,0.528089888,0.572727273,0.073494386,0.004405704,0.222419929,0.359756098,0.726235741,0.278735632,0.408914729,0.966267682,0.937993236,0.279605263,0.006472492,0.004524887,0,0.024128686,0.052631579,0.477722772,0.006180975,0.006658818,0.658671587,0.002815978,0.207388484,0.273757859,0.146644678,0.314440339,0.4165799,0.496239599,0.146939744,0.457959184,0.152148361,0.259626808
51093,0,0.514606742,0.501123596,0.536363636,0.083701939,0.00373814,0.446619217,0.265243902,0.570342205,0.385057471,0.230620155,0.963003264,0.947012401,0.240131579,0.003236246,0.007541478,0,0.008042895,0.07518797,0.599009901,0.004578073,0.005299576,0.771217712,0.004475248,0.446991689,0.392303757,0.325003171,0.525150628,0.5577277,0.580958928,0.177735099,0.698892128,0.162922816,0.240914809
51095,0,0.548314607,0.521348315,0.570454545,0.079278666,0.006997986,0.569395018,0.387195122,0.585551331,0.218390805,0.125968992,0.9085963,0.879368658,0.273026316,0.011326861,0.015082956,0.020979021,0.026809651,0.152882206,0.507425743,0.008049438,0.010009203,0.891143911,0.013041994,0.435031435,0.281381495,0.208767511,0.454535698,0.5464439,0.579491705,0.204815435,0.617201166,0.17737548,0.145799846
51099,0,0.348314607,0.35505618,0.336363636,0.096631507,0.002693778,0.517793594,0.411585366,0.448669202,0.301724138,0.178294574,0.934711643,0.88162345,0.345394737,0.017799353,0.004524887,0,0.040214477,0.09273183,0.784653465,0.002774313,0.003461033,0.896678967,0.00344691,0.573743842,0.302462933,0.421503778,0.666104527,0.6800737,0.836296851,0.336072016,0.859825073,0.177374425,0.448686142
51101,0,0.435955056,0.411235955,0.456818182,0.092888738,0.001725865,0.362989324,0.216463415,0.642585551,0.465517241,0.261627907,0.929270947,0.927846674,0.194078947,0,0.015082956,0,0.037533512,0.122807018,0.75990099,0.001870845,0.002179927,0.780442804,0.001041994,0.4077103,0.518704312,0.34444827,0.523924142,0.484897,0.445410053,0.336509514,0.671078717,0.192307692,0.360891746
51103,0,0.784269663,0.766292135,0.806818182,0.053079279,0.0009653,0.286476868,0.728658537,0.615969582,0.264367816,0.170542636,0.929270947,0.88162345,0.328947368,0.006472492,0.013574661,0.020979021,0.029490617,0.115288221,0.532178218,0.001233337,0.001435804,0.778597786,0.001267327,0.221455468,0.321611855,0.123937587,0.348230027,0.326563,0.444938079,0.296044729,0.638483965,0.022332506,0.260325669
51109,0,0.505617978,0.501123596,0.504545455,0.087444709,0.003389874,0.377224199,0.338414634,0.604562738,0.367816092,0.257751938,0.918389554,0.855693348,0.371710526,0.014563107,0.013574661,0,0.034852547,0.127819549,0.76980198,0.004290678,0.004623626,0.660516605,0.002859679,0.342069904,0.310506427,0.287762092,0.421144618,0.4835216,0.431999836,0.253436948,0.533411079,0.180423142,0.30168076
51111,0,0.53258427,0.514606742,0.559090909,0.130316434,0.000946351,0.206405694,0.457317073,0.498098859,0.41954023,0.385658915,0.892274211,0.830890643,0.365131579,0.009708738,0.02413273,0,0.115281501,0.102756892,0.616336634,0.001494136,0.001462024,0.522140221,0.000618641,0.254847967,0.316314912,0.174063536,0.381375811,0.3735545,0.302186471,0.363337733,0.737317784,0.135170432,0.40560137
51113,0,0.519101124,0.501123596,0.540909091,0.083701939,0.001265867,0.362989324,0.442073171,0.520912548,0.362068966,0.251937984,0.910772579,0.835400225,0.404605263,0.008090615,0.019607843,0,0.042895442,0.140350877,0.631188119,0.001506838,0.001772993,0.79704797,0.001275521,0.205464227,0.230309731,0.138272231,0.415456789,0.454611,0.447380031,0.342152486,0.720116618,0.127073266,0.422723461
51115,0,0.674157303,0.665168539,0.668181818,0.058523307,0.000868813,0.382562278,0.359756098,0.524714829,0.353448276,0.286821705,0.872687704,0.80270575,0.388157895,0.009708738,0.013574661,0.076923077,0.077747989,0.172932331,0.633663366,0.001059471,0.001298936,0.863468635,0.000945032,0.343960984,0.31473078,0.177651728,0.446057614,0.7803461,0.420887927,0.338370731,0.701049563,0.205563537,0.378240967
51117,0,0.6,0.55505618,0.627272727,0.078938414,0.00265392,0.341637011,0.429878049,0.608365019,0.278735632,0.292635659,0.926006529,0.852311161,0.404605263,0,0.025641026,0,0.064343164,0.085213033,0.492574257,0.003656743,0.003946102,0.662361624,0.00215227,0.213559378,0.274533424,0.206629093,0.305425667,0.3510135,0.364528077,0.20442243,0.687638484,0.16194332,0.282706688
51119,0,0.71011236,0.660674157,0.727272727,0.090506975,0.000927402,0.3113879,0.527439024,0.596958175,0.341954023,0.228682171,0.845484222,0.851183766,0.161184211,0.009708738,0.031674208,0.048951049,0.045576408,0.245614035,0.628712871,0.001309155,0.001605185,0.865313653,0.001069307,0.265812916,0.207587334,0.197658614,0.363653088,0.4602863,0.421421463,0.389172315,0.776793003,0.15476035,0.431162206
51125,0,0.611235955,0.566292135,0.620454545,0.077237155,0.001431832,0.352313167,0.509146341,0.460076046,0.362068966,0.253875969,0.857453754,0.801578354,0.345394737,0.008090615,0.02413273,0,0.115281501,0.185463659,0.623762376,0.001795027,0.002098645,0.78597786,0.001730283,0.248577543,0.413425521,0.187510194,0.374170206,0.4700345,0.393256928,0.45972801,0.734169096,0.204518741,0.466943881
51127,0,0.505617978,0.494382022,0.502272727,0.112283089,0.002184774,0.403914591,0.283536585,0.764258555,0.416666667,0.149224806,0.934711643,0.886133033,0.328947368,0.003236246,0.006033183,0,0.024128686,0.127819549,0.727722772,0.002633791,0.003224529,0.863468635,0.002688972,0.448716885,0.302338245,0.410866059,0.526453769,0.4799963,0.658106153,0.395512317,0.758425656,0.206608332,0.411663988
51131,0,0.604494382,0.552808989,0.629545455,0.068390609,0.001011256,0.320284698,0.472560976,0.547528517,0.451149425,0.205426357,0.891186072,0.791431793,0.476973684,0.021035599,0.039215686,0.055944056,0.013404826,0.137844612,0.383663366,0.001372271,0.001452585,0.632841328,0.00129464,0.211801005,0.231332816,0.135118972,0.369555552,0.3995273,0.470588839,0.551595011,0.764198251,0.17389317,0.561936543
51135,0,0.458426966,0.433707865,0.534090909,0.16195985,0.0012308,0.193950178,0.5,0.6121673,0.468390805,0.281007752,0.920565832,0.932356257,0.154605263,0.001618123,0.010558069,0,0.101876676,0.082706767,0.512376238,0.001676338,0.001722126,0.590405904,0.000950495,0.254201019,0.214715929,0.217629256,0.349042574,0.3327591,0.475257277,0.361943674,0.649795918,0.168603892,0.372353065
51137,0,0.462921348,0.456179775,0.475,0.086423954,0.00337637,0.370106762,0.405487805,0.532319392,0.396551724,0.236434109,0.915125136,0.835400225,0.421052632,0.021035599,0.015082956,0,0.024128686,0.130325815,0.841584158,0.003829815,0.00456332,0.819188192,0.003504268,0.384337209,0.330209072,0.299106577,0.494534472,0.6414817,0.565650555,0.3132925,0.736268222,0.166318401,0.371549375
51139,0,0.521348315,0.516853933,0.522727273,0.085403198,0.002212653,0.220640569,0.50304878,0.634980989,0.399425287,0.284883721,0.921653972,0.81059752,0.513157895,0.008090615,0.034690799,0.006993007,0.016085791,0.112781955,0.698019802,0.002783443,0.002946598,0.632841328,0.001448959,0.252857356,0.327568852,0.203620812,0.384825302,0.4302139,0.39433426,0.335145116,0.697142857,0.234817814,0.337008177
51141,0,0.604494382,0.57752809,0.627272727,0.089826472,0.001569919,0.238434164,0.335365854,0.353612167,0.422413793,0.501937984,0.953210011,0.925591883,0.273026316,0.008090615,0.027149321,0,0.024128686,0.045112782,0.566831683,0.002235249,0.002497188,0.71402214,0.001192216,0.218303668,0.325770202,0.189666733,0.307556687,0.3980851,0.384022655,0.682658797,0.821690962,0.263484393,0.623593543
51143,0,0.550561798,0.528089888,0.563636364,0.087784961,0.005911588,0.231316726,0.390243902,0.577946768,0.362068966,0.399224806,0.947769314,0.909808343,0.302631579,0.003236246,0.015082956,0,0.029490617,0.080200501,0.507425743,0.007740608,0.008600668,0.706642066,0.003913964,0.252807591,0.301084141,0.199289611,0.365216858,0.389285,0.354770528,0.53114387,0.792186589,0.211048714,0.504070864
51145,0,0.512359551,0.494382022,0.536363636,0.153793807,0.002818361,0.478647687,0.356707317,0.536121673,0.382183908,0.156976744,0.897714908,0.874859076,0.253289474,0.003236246,0.009049774,0,0.042895442,0.192982456,0.702970297,0.003669048,0.00447155,0.856088561,0.003995903,0.510392648,0.491510041,0.37471231,0.53802873,0.6500013,0.692662857,0.399724154,0.691253644,0.196486875,0.392235656
51153,0,0.28988764,0.283146067,0.288636364,0.096631507,0.049613826,0.535587189,0.390243902,0.574144487,0.261494253,0.139534884,0.875952122,0.788049605,0.440789474,0.088996764,0.019607843,0.013986014,0.034852547,0.097744361,0.851485149,0.044315972,0.052814318,0.819188192,0.062607033,0.598891893,0.403541196,0.326289846,0.586306284,0.7742836,0.822568564,0.380926604,0.79148688,0.275107745,0.441400517
51159,0,0.494382022,0.449438202,0.602272727,0.190541,0.000672573,0.304270463,0.417682927,0.524714829,0.364942529,0.325581395,0.815016322,0.795941375,0.233552632,0.019417476,0.018099548,0,0.080428954,0.308270677,0.522277228,0.001003103,0.00113008,0.726937269,0.000439741,0.262097109,0.456197092,0.232036389,0.374936759,0.343442,0.345751721,0.256069347,0.660349854,0.213660703,0.227426794
51161,0,0.498876404,0.478651685,0.520454545,0.072813882,0.009757758,0.478647687,0.307926829,0.756653992,0.183908046,0.21124031,0.944504897,0.933483653,0.223684211,0.006472492,0.012066365,0.006993007,0.013404826,0.100250627,0.418316832,0.010661397,0.013221147,0.887453875,0.012462957,0.42623957,0.315902378,0.308548232,0.451822098,0.4799161,0.529667669,0.451304335,0.641516035,0.201253755,0.422740932
51165,0,0.451685393,0.440449438,0.456818182,0.086764206,0.008108342,0.327402135,0.320121951,0.642585551,0.341954023,0.319767442,0.89336235,0.861330327,0.276315789,0.003236246,0.046757164,0.034965035,0.032171582,0.137844612,0.413366337,0.008571036,0.00941034,0.688191882,0.007213383,0.287626694,0.332535767,0.254942825,0.376761157,0.4596453,0.464391615,0.480624064,0.745714286,0.238343999,0.447270948
51167,0,0.507865169,0.498876404,0.520454545,0.085062947,0.00225948,0.316725979,0.243902439,0.726235741,0.445402299,0.26744186,0.952121872,0.931228861,0.253289474,0,0.027149321,0,0.010723861,0.072681704,0.571782178,0.003377684,0.003590035,0.640221402,0.00146125,0.297828575,0.267058299,0.159185227,0.406840725,0.4872606,0.377497101,0.435139183,0.538717201,0.18812851,0.439967852
51169,0,0.543820225,0.528089888,0.570454545,0.103436543,0.001758317,0.18683274,0.466463415,0.600760456,0.382183908,0.374031008,0.966267682,0.930101466,0.299342105,0.001618123,0.012066365,0,0.016085791,0.060150376,0.591584158,0.002610768,0.002739985,0.619926199,0.001138955,0.269628253,0.268790944,0.219731429,0.36724056,0.4602863,0.420272308,0.827900458,0.914110787,0.242653781,0.767628765
51171,0,0.523595506,0.48988764,0.545454545,0.084722695,0.004360836,0.279359431,0.353658537,0.532319392,0.416666667,0.356589147,0.935799782,0.856820744,0.421052632,0.004854369,0.025641026,0,0.018766756,0.097744361,0.663366337,0.005027426,0.005936196,0.804428044,0.003523387,0.276114327,0.311034471,0.25673692,0.399665783,0.4183559,0.492494588,0.571163743,0.769795918,0.215031997,0.513068698
51175,0,0.541573034,0.55505618,0.522727273,0.130996938,0.001659871,0.307829181,0.399390244,0.543726236,0.402298851,0.300387597,0.940152339,0.925591883,0.233552632,0.001618123,0.012066365,0,0.045576408,0.090225564,0.655940594,0.002439681,0.002625666,0.658671587,0.001138955,0.28271652,0.152241712,0.215726428,0.43101783,0.4858184,0.340457404,0.526805974,0.791428571,0.247224762,0.45291425
51177,0,0.35505618,0.343820225,0.356818182,0.087104457,0.013686039,0.460854093,0.384146341,0.642585551,0.278735632,0.174418605,0.914036997,0.835400225,0.417763158,0.04368932,0.007541478,0.006993007,0.024128686,0.107769424,0.826732673,0.014154595,0.016911342,0.822878229,0.015018095,0.462982931,0.362452765,0.341005056,0.532647523,0.6646903,0.655099884,0.65307212,0.82244898,0.276021941,0.615312041
51179,0,0.303370787,0.28988764,0.309090909,0.103776795,0.015010059,0.603202847,0.320121951,0.596958175,0.247126437,0.106589147,0.874863983,0.774520857,0.476973684,0.067961165,0.018099548,0,0.029490617,0.142857143,0.883663366,0.014956839,0.018703214,0.900369004,0.021444862,0.620655906,0.381709873,0.352385785,0.597099361,0.7812809,0.920903317,0.810037224,0.879766764,0.241674285,0.731986861
51181,0,0.6,0.570786517,0.611363636,0.08948622,0.000662119,0.227758007,0.265243902,0.498098859,0.479885057,0.44379845,0.920565832,0.854565953,0.381578947,0.027508091,0.010558069,0.006993007,0.040214477,0.100250627,0.79950495,0.000898307,0.001059286,0.798892989,0.000711506,0.363933447,0.616937014,0.323426542,0.58524844,0.2749379,0.257902999,0.390781415,0.821282799,0.279091028,0.3951534
51185,0,0.498876404,0.456179775,0.543181818,0.092888738,0.003429296,0.298932384,0.37195122,0.6121673,0.416666667,0.282945736,0.941240479,0.900789177,0.309210526,0.001618123,0.016591252,0,0.018766756,0.105263158,0.45049505,0.005030601,0.005463713,0.671586716,0.002712188,0.248693662,0.263527005,0.213569888,0.334355405,0.368627,0.547541118,0.403528156,0.684897959,0.216925689,0.338510728
51187,0,0.433707865,0.417977528,0.438636364,0.097312011,0.003933726,0.34519573,0.350609756,0.593155894,0.471264368,0.217054264,0.911860718,0.79481398,0.526315789,0.003236246,0.027149321,0.006993007,0.024128686,0.145363409,0.900990099,0.004620547,0.005291186,0.754612546,0.003110959,0.42560921,0.366512104,0.33596709,0.52832416,0.5631627,0.472015021,0.358258316,0.704081633,0.191589395,0.367059194
51191,0,0.534831461,0.516853933,0.545454545,0.092208234,0.005227472,0.398576512,0.359756098,0.634980989,0.218390805,0.304263566,0.92383025,0.888387824,0.292763158,0.006472492,0.025641026,0,0.029490617,0.110275689,0.467821782,0.006487026,0.007405038,0.749077491,0.005560942,0.279813546,0.284351743,0.175223356,0.387370261,0.3899127,0.463509229,0.808131516,0.870553936,0.317421967,0.711929555
51193,0,0.561797753,0.543820225,0.609090909,0.08948622,0.001614132,0.352313167,0.408536585,0.688212928,0.353448276,0.205426357,0.853101197,0.804960541,0.322368421,0.009708738,0.031674208,0,0.037533512,0.253132832,0.900990099,0.002039948,0.002379198,0.782287823,0.001395698,0.287129041,0.373013647,0.275312155,0.389608598,0.4654275,0.373690529,0.563800442,0.831253644,0.268773671,0.530802292
51195,0,0.415730337,0.404494382,0.425,0.122490643,0.002868673,0.370106762,0.31097561,0.589353612,0.416666667,0.255813953,0.946681175,0.882750846,0.378289474,0.014563107,0.027149321,0,0.013404826,0.060150376,0.435643564,0.004396665,0.004364048,0.542435424,0.002023899,0.256539986,0.249896866,0.186839673,0.321507964,0.3980584,0.576403353,0.542311172,0.76244898,0.23338122,0.473268572
51197,0,0.503370787,0.485393258,0.534090909,0.083021436,0.002719261,0.245551601,0.518292683,0.6121673,0.224137931,0.379844961,0.940152339,0.878241263,0.371710526,0.011326861,0.019607843,0,0.026809651,0.080200501,0.452970297,0.003372126,0.00365978,0.669741697,0.002040287,0.237197883,0.336512599,0.170294123,0.346099008,0.42761,0.37982619,0.454789482,0.800758017,0.246245266,0.456006709
51520,0,0.460674157,0.433707865,0.472727273,0.055801293,0.001582987,0.361209964,0.466463415,0.66539924,0.189655172,0.281007752,0.895538629,0.839909808,0.351973684,0.025889968,0.042232278,0.048951049,0.069705094,0.065162907,0.383663366,0.001844249,0.002121194,0.760147601,0.001789006,0.191247947,0.139717166,0.081948497,0.297499502,0.4562936,0.418384413,0.27837429,0.62425656,0.183492229,0.316514082
51540,0,0.197752809,0.197752809,0.188636364,0.078257911,0.005203949,0.633451957,0.554878049,0.406844106,0.135057471,0.098837209,0.660500544,0.620067644,0.279605263,0.131067961,0.177978884,0.216783217,0.053619303,0.170426065,0.316831683,0.00371311,0.004398134,0.808118081,0.005241379,0.35452781,0.27653009,0.208278212,0.352599384,0.4435008,0.458379077,0.120200507,0.675860058,0.17764665,0.20050318
51550,0,0.341573034,0.319101124,0.359090909,0.083701939,0.024494693,0.462633452,0.320121951,0.657794677,0.284482759,0.201550388,0.935799782,0.918827508,0.240131579,0.011326861,0.018099548,0.013986014,0.026809651,0.090225564,0.514851485,0.025261375,0.031157165,0.878228782,0.027405941,0.443043644,0.303740862,0.28292347,0.512640471,0.5619876,0.626011922,0.201886429,0.528221574,0.188259109,0.204923475
51570,0,0.429213483,0.384269663,0.477272727,0.048315754,0.001678384,0.37366548,0.387195122,0.787072243,0.267241379,0.201550388,0.9390642,0.935738444,0.203947368,0.006472492,0.018099548,0,0.061662198,0.060150376,0.398514851,0.001764065,0.002167865,0.86900369,0.001503585,0.36738384,0.2682629,0.373081314,0.426955095,0.4478407,0.431702287,0.121194145,0.560699708,0.190218101,0.132766091
51580,0,0.483146067,0.453932584,0.525,0.118407622,0.000485481,0.074733096,0.347560976,1,0.310344828,0.416666667,0.946681175,0.958286359,0.157894737,0,0.022624434,0,0.037533512,0.067669173,0.383663366,0.000590668,0.000651304,0.693726937,0.000281325,0.203656089,0.380587779,0.159946358,0.375626658,0.1019683,0.714855894,0.125798989,0.576559767,0.132362544,0.203106437
51590,0,0.449438202,0.382022472,0.497727273,0.045593739,0.003561284,0.306049822,0.478658537,0.615969582,0.16091954,0.377906977,0.931447225,0.855693348,0.411184211,0.029126214,0.027149321,0.006993007,0.026809651,0.05764411,0.371287129,0.00451853,0.004870618,0.660516605,0.00258928,0.222583481,0.208032871,0.167376452,0.309304429,0.392116,0.452520444,0.193091993,0.56606414,0.204257542,0.213432106
51620,0,0.386516854,0.382022472,0.402272727,0.025859136,0.000739221,0.304270463,0.612804878,0.539923954,0.324712644,0.222868217,0.945593036,0.906426156,0.309210526,0,0.046757164,0,0.010723861,0.055137845,0.507425743,0.000868536,0.000903539,0.608856089,0.000684193,0.220642636,0.168050032,0.127707001,0.341913625,0.3057581,0.6130942,0.149549897,0.575976676,0.177717789,0.331015445
51630,0,0.179775281,0.186516854,0.165909091,0.059544063,0.002983891,0.588967972,0.530487805,0.551330798,0.126436782,0.09496124,0.807399347,0.754227734,0.328947368,0.074433657,0.092006033,0.055944056,0.016085791,0.160401003,0.564356436,0.002126484,0.002522359,0.8099631,0.003482417,0.426023921,0.392287256,0.220619416,0.446026952,0.5057554,0.674943312,0.1899257,0.572536443,0.165926603,0.189688308
51650,0,0.316853933,0.280898876,0.354545455,0.075876148,0.014001417,0.352313167,0.408536585,0.653992395,0.304597701,0.257751938,0.910772579,0.878241263,0.282894737,0.040453074,0.036199095,0.027972028,0.029490617,0.062656642,0.428217822,0.014170076,0.017201335,0.850553506,0.011900307,0.32388899,0.308410752,0.201844838,0.397841385,0.4847769,0.464658383,0.3184609,0.62122449,0.162400418,0.326507792
51678,0,0,0,0.05,0.201769309,0.000449979,0.692170819,0.426829268,0.429657795,0.106321839,0.120155039,0.509249184,0.526493799,0.095394737,0,0.556561086,0.125874126,0,0.177944862,0.329207921,0.000354083,0.000415324,0.787822878,0.000842608,0.276213858,0.862890051,0.006832062,0.360832171,0.2387496,0.487600423,0.20838215,0.623556851,0.160506726,0.272485848
51680,0,0.159550562,0.137078652,0.179545455,0.060224566,0.007490001,0.450177936,0.49695122,0.589353612,0.181034483,0.207364341,0.870511425,0.800450958,0.384868421,0.050161812,0.076923077,0.027972028,0.032171582,0.072681704,0.314356436,0.006275847,0.007387733,0.798892989,0.006590645,0.243037009,0.287239484,0.152316921,0.301500912,0.3598136,0.422149944,0.079483605,0.533002915,0.095925297,0.117897827
51685,0,0.260674157,0.256179775,0.272727273,0.142225247,0.001730439,0.391459075,0.283536585,0.600760456,0.494252874,0.191860465,0.882480958,0.74746336,0.578947368,0.105177994,0.003016591,0.048951049,0.016085791,0.087719298,0.858910891,0.001514777,0.001599941,0.63099631,0.001630591,0.451221737,0.383294005,0.283738968,0.552899873,0.7139786,0.720047608,0.217035697,0.565889213,0.083975447,0.245527291
51690,0,0.476404494,0.413483146,0.540909091,0.047975502,0.001142808,0.215302491,0.50304878,0.623574144,0.149425287,0.465116279,0.920565832,0.815107103,0.496710526,0.017799353,0.016591252,0,0.077747989,0.07518797,0.344059406,0.001446898,0.001604661,0.70295203,0.000946398,0.235588806,0.249269814,0.131349559,0.322213194,0.4352482,0.386156798,0.107594655,0.607230321,0.125506073,0.153592145
51720,0,0.406741573,0.519101124,0.315909091,0.029601905,0.000346959,0.28113879,0.658536585,0.699619772,0.204022989,0.218992248,0.955386289,0.962795941,0.171052632,0,0.043740573,0,0,0.047619048,0.257425743,0.000416802,0.000456227,0.682656827,0.000192557,0.195842941,0.229930199,0.183885758,0.294571267,0.3444569,0.28526723,0.323377182,0.6,0.143985895,0.259277378
51735,0,0.492134831,0.476404494,0.502272727,0.085403198,0.001342751,0.670818505,0.240853659,0.441064639,0.281609195,0.139534884,0.937976061,0.935738444,0.197368421,0,0.001508296,0.041958042,0.026809651,0.115288221,0.472772277,0.001423478,0.001818091,0.935424354,0.002044384,0.587644941,0.525585386,0.307170947,0.604565594,0.6023956,0.552743092,0.200514615,0.711836735,0.134582735,0.278565938
51740,0,0.303370787,0.26741573,0.329545455,0.075195645,0.00942757,0.298932384,0.472560976,0.634980989,0.336206897,0.259689922,0.889009793,0.863585118,0.259868421,0.04368932,0.060331825,0.034965035,0.037533512,0.060150376,0.482673267,0.009438381,0.010600201,0.723247232,0.006617958,0.30146144,0.278988796,0.271742085,0.389731246,0.4326176,0.47939218,0.663038159,0.822040816,0.083061251,0.729960165
51750,0,0.026966292,0.047191011,0,0.0952705,0.00150632,0.336298932,0.667682927,0.69581749,0.091954023,0.230620155,0.843307943,0.819616685,0.25,0.011326861,0.171945701,0.055944056,0.042895442,0.01754386,0.326732673,0.001116632,0.001360291,0.854243542,0.0013479,0.272680524,0.150509068,0.155325203,0.304996397,0.377841,0.448785693,0.074952913,0.493411079,0.125244874,0.111188762
51760,0,0.262921348,0.258426966,0.263636364,0.066349098,0.022752058,0.489323843,0.50304878,0.570342205,0.17816092,0.17248062,0.808487486,0.748590755,0.351973684,0.087378641,0.081447964,0.146853147,0.042895442,0.097744361,0.420792079,0.020858755,0.022916235,0.6900369,0.022922499,0.27934907,0.261018795,0.136731846,0.320312141,0.4248458,0.470568318,0.097843658,0.398658892,0.22613295,0.062827591
51770,0,0.373033708,0.339325843,0.402272727,0.070772372,0.010067909,0.318505338,0.524390244,0.650190114,0.224137931,0.275193798,0.89336235,0.847801578,0.319078947,0.053398058,0.040723982,0.034965035,0.037533512,0.065162907,0.376237624,0.010423622,0.011871868,0.745387454,0.008173438,0.246022925,0.208461907,0.165691089,0.361506738,0.3786556,0.474282548,0.028622699,0.486180758,0.177419174,0.079320707
51775,0,0.429213483,0.431460674,0.425,0.061245322,0.002653702,0.428825623,0.381097561,0.703422053,0.195402299,0.238372093,0.905331882,0.877113867,0.273026316,0.009708738,0.064856712,0,0.016085791,0.097744361,0.349009901,0.002673487,0.003187821,0.819188192,0.002833732,0.351210126,0.335902048,0.244812526,0.390421145,0.5405149,0.491355694,0.173545507,0.551836735,0.203212747,0.198581312
51800,0,0.379775281,0.35505618,0.386363636,0.077917659,0.008905716,0.43594306,0.393292683,0.547528517,0.267241379,0.255813953,0.942328618,0.914317926,0.276315789,0.004854369,0.019607843,0.013986014,0.024128686,0.080200501,0.566831683,0.009456244,0.010953646,0.773062731,0.008174804,0.421744107,0.304928962,0.277015639,0.512502491,0.5753011,0.573653592,0.099148734,0.533527697,0.108136346,0.157226221
51810,0,0.312359551,0.287640449,0.338636364,0.087444709,0.051339473,0.466192171,0.37195122,0.703422053,0.264367816,0.158914729,0.905331882,0.871476888,0.286184211,0.014563107,0.039215686,0.034965035,0.037533512,0.100250627,0.457920792,0.045087651,0.055676488,0.880073801,0.056462957,0.425509679,0.353129486,0.298726011,0.460530149,0.5326763,0.571734915,0.147607113,0.638309038,0.137455923,0.180201272
51830,0,0.065168539,0.085393258,0.038636364,0.021435863,0.0012467,0.693950178,0.442073171,0.441064639,0.114942529,0.098837209,0.687704026,0.633596392,0.322368421,0.069579288,0.221719457,0.181818182,0,0.192982456,0.314356436,0.000922522,0.001173605,0.92804428,0.001539092,0.249207903,0.151350638,0.162102898,0.314823616,0.336872,0.377609965,0.138627297,0.481982507,0.155282748,0.160056608
51840,0,0.348314607,0.325842697,0.375,0.083361688,0.00272231,0.391459075,0.50304878,0.55513308,0.275862069,0.222868217,0.845484222,0.736189402,0.5,0.012944984,0.095022624,0.020979021,0.056300268,0.137844612,0.415841584,0.002716358,0.003110735,0.754612546,0.003108228,0.2695619,0.175772677,0.200105109,0.419872139,0.4454771,0.47467244,0.328797698,0.688221574,0.226720648,0.310538822
53003,0,0.519101124,0.521348315,0.513636364,0.074174889,0.002038847,0.302491103,0.423780488,0.737642586,0.333333333,0.238372093,0.896626768,0.86583991,0.276315789,0.001618123,0.039215686,0.097902098,0.032171582,0.122807018,0.252475248,0.002485728,0.00297072,0.822878229,0.001896893,0.282865816,0.278955793,0.268697559,0.370674721,0.4858318,0.494638991,0.258145605,0.58483965,0.215227896,0.238329024
53005,0,0.314606742,0.307865169,0.313636364,0.100714529,0.017959755,0.446619217,0.347560976,0.536121673,0.33045977,0.234496124,0.921653972,0.866967306,0.348684211,0.01618123,0.030165913,0.020979021,0.018766756,0.097744361,0.410891089,0.018887877,0.022687597,0.832103321,0.020215773,0.404740972,0.290490256,0.305322484,0.449323133,0.676308,0.61579266,0.07466372,0.426180758,0.105132558,0.134600601
53007,0,0.411235955,0.384269663,0.425,0.095610752,0.007052219,0.31316726,0.429878049,0.498098859,0.465517241,0.255813953,0.854189336,0.807215333,0.319078947,0.019417476,0.064856712,0.041958042,0.050938338,0.155388471,0.334158416,0.007812854,0.008634753,0.699261993,0.007302151,0.286382562,0.342898632,0.201917327,0.423045671,0.4086077,0.516452397,0.36394578,0.668862974,0.205367637,0.434866168
53015,0,0.453932584,0.440449438,0.461363636,0.089145968,0.008759571,0.252669039,0.445121951,0.551330798,0.367816092,0.350775194,0.910772579,0.839909808,0.394736842,0.004854369,0.031674208,0.034965035,0.032171582,0.122807018,0.472772277,0.011363212,0.013512713,0.815498155,0.006395357,0.319327173,0.318064058,0.272140773,0.434605301,0.5489945,0.462770487,0.092452802,0.574693878,0.172717775,0.195838284
53017,0,0.350561798,0.339325843,0.363636364,0.101735284,0.003883632,0.208185053,0.353658537,0.631178707,0.612068966,0.25,0.889009793,0.863585118,0.259868421,0.011326861,0.043740573,0,0.117962466,0.072681704,0.339108911,0.004059651,0.004464733,0.6900369,0.002366678,0.268500241,0.308905794,0.238089197,0.447192114,0.4774457,0.528497994,0.142646339,0.538717201,0.135431631,0.139614928
53019,0,0.6,0.604494382,0.593181818,0.108880572,0.000500945,0.473309609,0.326219512,0.269961977,0.477011494,0.255813953,0.785636561,0.703494927,0.414473684,0.001618123,0.190045249,0,0.056300268,0.140350877,0.435643564,0.000959438,0.001118543,0.780442804,0.000505292,0.1830035,0.225359318,0.124336275,0.308660524,0.3426809,0.382945323,0.149386762,0.50548105,0.156784642,0.227409323
53021,0,0.175280899,0.188764045,0.154545455,0.128955427,0.008017736,0.192170819,0.381097561,0.418250951,0.629310345,0.348837209,0.945593036,0.856820744,0.450657895,0.008090615,0.018099548,0.006993007,0.018766756,0.080200501,0.400990099,0.00681372,0.006660916,0.520295203,0.003422328,0.265066437,0.319664692,0.218625976,0.444846459,0.6095532,0.450222136,0.143847603,0.635043732,0.258848113,0.169141799
53023,0,0.588764045,0.683146067,0.525,0.090847227,0.000179687,0.396797153,0.463414634,0.437262357,0.376436782,0.234496124,0.889009793,0.854565953,0.286184211,0.001618123,0.070889894,0.013986014,0.016085791,0.130325815,0.356435644,0.000265562,0.000345579,0.955719557,0.000159781,0.279432012,0.28837808,0.279915188,0.381621108,0.4176348,0.350030268,0.172017974,0.562740525,0.630207653,0.20625131
53025,0,0.242696629,0.247191011,0.231818182,0.104457298,0.008191107,0.234875445,0.356707317,0.349809886,0.75,0.271317829,0.847660501,0.7632469,0.427631579,0.045307443,0.043740573,0.006993007,0.064343164,0.165413534,0.334158416,0.008203853,0.008412933,0.586715867,0.004882212,0.233266427,0.314417254,0.261901742,0.381391142,0.4174879,0.574084524,0.173441694,0.594868805,0.174154369,0.18442938
53029,0,0.512359551,0.465168539,0.568181818,0.096971759,0.007765085,0.382562278,0.442073171,0.543726236,0.370689655,0.21124031,0.840043526,0.790304397,0.325657895,0.040453074,0.052790347,0.020979021,0.053619303,0.180451128,0.596534653,0.008574212,0.010753325,0.905904059,0.009487197,0.367101836,0.367749707,0.297856146,0.438974658,0.4311086,0.5374655,0.385242255,0.72483965,0.237886901,0.42983437
53037,0,0.274157303,0.262921348,0.275,0.098673018,0.004240827,0.354092527,0.554878049,0.520912548,0.333333333,0.209302326,0.822633297,0.776775648,0.309210526,0.011326861,0.140271493,0.104895105,0.032171582,0.105263158,0.393564356,0.003987405,0.004790909,0.832103321,0.004502561,0.334372875,0.414349598,0.281491818,0.4248854,0.3498384,0.435406257,0.187664061,0.633294461,0.203735144,0.213012789
53039,0,0.539325843,0.541573034,0.536363636,0.100374277,0.001664445,0.377224199,0.344512195,0.501901141,0.445402299,0.25,0.817192601,0.749718151,0.375,0,0.070889894,0.027972028,0.034852547,0.278195489,0.467821782,0.002425787,0.002770924,0.749077491,0.001939228,0.234195378,0.311678025,0.258077962,0.31230932,0.3725529,0.372264346,0.161614439,0.437959184,0.228418441,0.167901321
53043,0,0.611235955,0.611235955,0.611363636,0.110581831,0.000890811,0.387900356,0.420731707,0.452471483,0.5,0.180232558,0.784548422,0.742953777,0.296052632,0.003236246,0.104072398,0,0.091152815,0.250626566,0.47029703,0.001204756,0.001455732,0.839483395,0.000798907,0.325464891,0.291810366,0.285224987,0.413555736,0.4046551,0.409673415,0.24953655,0.673411079,0.22149667,0.289922426
53047,0,0.483146067,0.485393258,0.484090909,0.103436543,0.003581758,0.295373665,0.43597561,0.475285171,0.485632184,0.26744186,0.852013058,0.819616685,0.279605263,0.011326861,0.090497738,0.027972028,0.048257373,0.135338346,0.309405941,0.00459673,0.005123902,0.712177122,0.003052236,0.209229799,0.311546014,0.165582356,0.365400831,0.4138958,0.518955911,0.192661911,0.63638484,0.181467938,0.236669229
53049,0,0.68988764,0.685393258,0.695454545,0.098673018,0.001504142,0.245551601,0.56097561,0.403041825,0.433908046,0.315891473,0.883569097,0.809470124,0.401315789,0.009708738,0.052790347,0.020979021,0.069705094,0.110275689,0.361386139,0.00249843,0.002937683,0.79704797,0.001345169,0.230562513,0.299186482,0.193653613,0.349211216,0.343629,0.445738383,0.266420976,0.665714286,0.187867311,0.302432036
53055,0,0.75505618,0.759550562,0.75,0.075535897,0.00158865,0.443060498,0.5,0.433460076,0.399425287,0.147286822,0.738846572,0.680947012,0.342105263,0.037216828,0.135746606,0.097902098,0.061662198,0.245614035,0.235148515,0.002143156,0.002721631,0.926199262,0.003153295,0.271851102,0.386577779,0.251608343,0.360494887,0.2849798,0.375506603,0.19405597,0.666472303,0.2619825,0.243954854
53059,0,0.537078652,0.543820225,0.529545455,0.105818306,0.000983377,0.391459075,0.365853659,0.467680608,0.402298851,0.269379845,0.816104461,0.767756483,0.319078947,0.003236246,0.052790347,0.118881119,0.029490617,0.278195489,0.626237624,0.001504457,0.00182386,0.846863469,0.001093889,0.368727502,0.327915381,0.30030264,0.438422739,0.7062201,0.503647538,0.258234587,0.641166181,0.193091289,0.295443427
53063,0,0.35505618,0.334831461,0.375,0.092548486,0.046487928,0.389679715,0.442073171,0.699619772,0.221264368,0.224806202,0.872687704,0.827508455,0.315789474,0.042071197,0.043740573,0.041958042,0.029490617,0.127819549,0.408415842,0.050614842,0.062928926,0.891143911,0.051883919,0.322263325,0.286694939,0.236150124,0.373955571,0.4738402,0.520895109,0.209702057,0.620408163,0.200796657,0.253669019
53065,0,0.559550562,0.557303371,0.556818182,0.100374277,0.00340316,0.28113879,0.420731707,0.574144487,0.442528736,0.273255814,0.87921654,0.812852311,0.378289474,0.012944984,0.055806938,0.006993007,0.037533512,0.145363409,0.554455446,0.005456533,0.006545548,0.830258303,0.003457835,0.291508385,0.388590947,0.264293869,0.367470526,0.482253,0.473738752,0.253258984,0.676676385,0.212877106,0.274966804
53069,0,0.71011236,0.721348315,0.695454545,0.082340932,0.000254393,0.3113879,0.31097561,0.475285171,0.405172414,0.385658915,0.801958651,0.798196167,0.1875,0.066343042,0.084464555,0,0.053619303,0.180451128,0.621287129,0.000458085,0.000587851,0.937269373,0.000284056,0.412836123,0.301449957,0.291241551,0.508041149,0.4167001,0.566779188,0.378412849,0.727463557,0.245069871,0.429415053
53073,0,0.343820225,0.33258427,0.345454545,0.092548486,0.021407129,0.368327402,0.466463415,0.608365019,0.284482759,0.236434109,0.828073993,0.782412627,0.3125,0.046925566,0.07239819,0.104895105,0.034852547,0.15037594,0.393564356,0.021027064,0.025687159,0.861623616,0.022686241,0.336346897,0.342552103,0.29506533,0.377405062,0.4232166,0.479422961,0.260169957,0.650379009,0.222019068,0.268694528
53075,0,0.060674157,0.076404494,0.031818182,0.110241579,0.004569055,0.604982206,0.432926829,0.418250951,0.201149425,0.15503876,0.700761697,0.613303269,0.424342105,0.07605178,0.248868778,0.090909091,0.024128686,0.117794486,0.257425743,0.003170474,0.003984383,0.909594096,0.005017412,0.298923411,0.282190063,0.219042786,0.352246769,0.2961568,0.352431179,0.210502899,0.670612245,0.15476035,0.270232022
54001,0,0.440449438,0.453932584,0.420454545,0.077917659,0.001374332,0.163701068,0.50304878,0.711026616,0.49137931,0.246124031,0.902067465,0.830890643,0.394736842,0.004854369,0.070889894,0.027972028,0.013404826,0.095238095,0.608910891,0.001822417,0.001948667,0.647601476,0.000828952,0.154338702,0.272916289,0.186513474,0.238229568,0.2617045,0.361316602,0.47241543,0.787405248,0.294109965,0.451027325
54003,0,0.379775281,0.388764045,0.365909091,0.087784961,0.010840235,0.348754448,0.359756098,0.657794677,0.295977011,0.294573643,0.945593036,0.875986471,0.398026316,0.014563107,0.016591252,0,0.008042895,0.082706767,0.646039604,0.012044386,0.013897097,0.765682657,0.007530215,0.3731732,0.343492682,0.282742248,0.493307986,0.5352002,0.478325108,0.302229011,0.675685131,0.243176179,0.360856803
54005,0,0.460674157,0.456179775,0.475,0.093909493,0.00148258,0.211743772,0.515243902,0.55513308,0.528735632,0.240310078,0.943416757,0.903043968,0.3125,0,0.046757164,0,0.040214477,0.030075188,0.675742574,0.002724297,0.002941354,0.662361624,0.000779788,0.298193521,0.357403343,0.266649753,0.430327932,0.4335123,0.294552805,0.284150736,0.697142857,0.176505159,0.329670138
54007,0,0.528089888,0.51011236,0.536363636,0.099353522,0.001146947,0.202846975,0.451219512,0.680608365,0.402298851,0.312015504,0.889009793,0.837655017,0.335526316,0.001618123,0.027149321,0,0.120643432,0.112781955,0.611386139,0.001687849,0.001940801,0.760147601,0.000650051,0.20669177,0.287586013,0.21532774,0.295445138,0.2936998,0.326308445,0.235707188,0.660408163,0.217186888,0.251135649
54009,0,0.55505618,0.523595506,0.588636364,0.080299422,0.002218751,0.31316726,0.585365854,0.475285171,0.336206897,0.253875969,0.911860718,0.907553551,0.197368421,0.009708738,0.070889894,0.006993007,0.010723861,0.07518797,0.524752475,0.002759626,0.003339373,0.843173432,0.001948788,0.288539057,0.265820696,0.200485674,0.376071259,0.4097962,0.429660487,0.223108751,0.614110787,0.140916808,0.276154868